record_type,record_id,event_template_id,provider_id,provider_name,title,slug,category,sub_category,description_raw,description_clean,description_ai,summary_short,summary_medium,tags,occasion_tags,skills_required,skills_created,age_min,age_max,audience,family_friendly,beginner_friendly,duration_minutes,price,currency,location_id,location_name,formatted_address,start_at,end_at,timezone,booking_url,source_url,image_urls,capacity,remaining_spaces,availability_status,status,first_seen_at,last_seen_at
template,event-template-caravan-coffee-roasters-london-roastery-tour-tasting,,provider-caravan-coffee-roasters,Caravan Coffee Roasters,London Roastery Tour & Tasting,london-roastery-tour-tasting,,,"A GUIDED TOUR OF OUR NORTH LONDON ROASTERY, FOLLOWED BY A COFFEE TASTING WHERE YOU’LL LEARN ABOUT HOW & WHERE COFFEE IS GROWN, HOW WE ROAST IT AND DISCOVER BREWING TIPS & TRICKS.","A GUIDED TOUR OF OUR NORTH LONDON ROASTERY, FOLLOWED BY A COFFEE TASTING WHERE YOU’LL LEARN ABOUT HOW & WHERE COFFEE IS GROWN, HOW WE ROAST IT AND DISCOVER BREWING TIPS & TRICKS.",,,,,,,,,,,false,false,,40.0,GBP,,,,,,,,https://www.eventbrite.com/e/caravan-coffee-school-roastery-tour-and-tasting-class-tickets-431689724587,https://caravanandco.com/cdn/shop/files/zz-01409.jpg?v=1752596006&width=1500,,,,active,2026-03-15T08:34:56Z,2026-05-20T08:57:34Z
template,event-template-caravan-coffee-roasters-home-filter-class,,provider-caravan-coffee-roasters,Caravan Coffee Roasters,Home Filter Class,home-filter-class,,,"LEARN ALL ABOUT BREWING FILTER COFFEE AT HOME, ACROSS 4 DIFFERENT METHODS: FROM A CLASSIC CAFETIERE TO A V60.","LEARN ALL ABOUT BREWING FILTER COFFEE AT HOME, ACROSS 4 DIFFERENT METHODS: FROM A CLASSIC CAFETIERE TO A V60.",,,,,,,,,,,false,false,,,GBP,,,,,,,,https://www.eventbrite.com/e/caravan-coffee-school-home-filter-pourover-brewing-class-tickets-482408275137,https://caravanandco.com/cdn/shop/files/filter-class.jpg?v=1681741049&width=1500,,,,active,2026-03-15T08:34:56Z,2026-05-20T08:57:34Z
template,event-template-caravan-coffee-roasters-home-espresso-class,,provider-caravan-coffee-roasters,Caravan Coffee Roasters,Home Espresso Class,home-espresso-class,,,"LEARN ABOUT ‘DIALLING IN’, STEAMING & POURING MILK AND EXPERIENCE MAKING COFFEE WITH PROFESSIONAL GRADE ESPRESSO MACHINES.","LEARN ABOUT ‘DIALLING IN’, STEAMING & POURING MILK AND EXPERIENCE MAKING COFFEE WITH PROFESSIONAL GRADE ESPRESSO MACHINES.",,,,,,,,,,,false,false,,,GBP,,,,,,,,https://www.eventbrite.com/e/caravan-coffee-school-home-espresso-class-tickets-482399849937,https://caravanandco.com/cdn/shop/files/home-espresso_af3e94f2-d543-49ea-82cb-39613fc3fd3b.jpg?v=1681736149&width=1500,,,,active,2026-03-15T08:34:56Z,2026-05-20T08:57:34Z
template,event-template-caravan-coffee-roasters-milk-latte-art-class,,provider-caravan-coffee-roasters,Caravan Coffee Roasters,Milk & Latte Art Class,milk-latte-art-class,,,"WE ALL WANT TO BE ABLE TO POUR MILK LIKE THEY DO IN THE COFFEE SHOP – LET OUR BARISTAS SHOW YOU HOW YOU CAN AT HOME, WITH & WITHOUT FANCY KIT.","WE ALL WANT TO BE ABLE TO POUR MILK LIKE THEY DO IN THE COFFEE SHOP – LET OUR BARISTAS SHOW YOU HOW YOU CAN AT HOME, WITH & WITHOUT FANCY KIT.",,,,,,,,,,,false,false,,,GBP,,,,,,,,https://www.eventbrite.com/e/caravan-coffee-school-home-milklatte-art-class-tickets-482433209717,https://caravanandco.com/cdn/shop/files/Screenshot_2024-12-17_at_11.12.43.png?v=1734433988&width=1500,,,,active,2026-03-15T08:34:56Z,2026-05-20T08:57:34Z
template,event-template-comptoir-bakery-cake-baking-and-decorating-workshop-individual-tic,,provider-comptoir-bakery,Comptoir Bakery,CAKE BAKING AND DECORATING WORKSHOP — Individual ticket,cake-baking-and-decorating-workshop-individual-tic,,,Learn to transform a simple cake into a stunning masterpiece in our hands- on workshop led by our chef. | One individual ticket for the Evening French Pastries Workshop,Learn to transform a simple cake into a stunning masterpiece in our hands- on workshop led by our chef. | One individual ticket for the Evening French Pastries Workshop,,,,,,,,,,,false,false,,84.0,GBP,,,,,,,,https://bookwhen.com/comptoirbakeryschool/e/ev-s3ss5-20260521173000,https://www.comptoirbakery.co.uk/cdn/shop/files/f892877a-b127-48f4-945f-82ee25711bec.jpg?crop=center&height=1000&v=1773323604&width=1000,,,,active,2026-03-15T08:34:56Z,2026-05-20T08:57:34Z
template,event-template-comptoir-bakery-cake-baking-and-decorating-workshop-duo-ticket-wit,,provider-comptoir-bakery,Comptoir Bakery,CAKE BAKING AND DECORATING WORKSHOP — Duo ticket with a glass of wine included,cake-baking-and-decorating-workshop-duo-ticket-wit,,,Learn to transform a simple cake into a stunning masterpiece in our hands- on workshop led by our chef. | Two tickets for the Evening French Pastries Workshop including a glass of wine each,Learn to transform a simple cake into a stunning masterpiece in our hands- on workshop led by our chef. | Two tickets for the Evening French Pastries Workshop including a glass of wine each,,,,,,,,,,,false,false,,180.0,GBP,,,,,,,,https://bookwhen.com/comptoirbakeryschool/e/ev-s3ss5-20260521173000,https://www.comptoirbakery.co.uk/cdn/shop/files/f892877a-b127-48f4-945f-82ee25711bec.jpg?crop=center&height=1000&v=1773323604&width=1000,,,,active,2026-04-07T07:08:07Z,2026-05-20T08:57:34Z
template,event-template-comptoir-bakery-croissant-workshop-individual-ticket,,provider-comptoir-bakery,Comptoir Bakery,CROISSANT WORKSHOP — Individual ticket,croissant-workshop-individual-ticket,,,"Learn to craft our croissants, pain au chocolat & pain aux raisins from scratch in a hands- on workshop led by our bakery chefs ! | One individual ticket for the Evening French Pastries Workshop","Learn to craft our croissants, pain au chocolat & pain aux raisins from scratch in a hands- on workshop led by our bakery chefs ! | One individual ticket for the Evening French Pastries Workshop",,,,,,,,,,,false,false,,84.0,GBP,,,,,,,,https://bookwhen.com/comptoirbakeryschool/e/ev-s3ss5-20260521173000,https://www.comptoirbakery.co.uk/cdn/shop/files/Comptoit_Bakery-125.jpg?crop=center&height=1000&v=1743080149&width=1000,,,,active,2026-03-15T08:34:56Z,2026-05-20T08:57:34Z
template,event-template-comptoir-bakery-croissant-workshop-duo-ticket-with-a-glass-of-wine,,provider-comptoir-bakery,Comptoir Bakery,CROISSANT WORKSHOP — Duo ticket with a glass of wine included,croissant-workshop-duo-ticket-with-a-glass-of-wine,,,"Learn to craft our croissants, pain au chocolat & pain aux raisins from scratch in a hands- on workshop led by our bakery chefs ! | Two tickets for the Evening French Pastries Workshop including a glass of wine each","Learn to craft our croissants, pain au chocolat & pain aux raisins from scratch in a hands- on workshop led by our bakery chefs ! | Two tickets for the Evening French Pastries Workshop including a glass of wine each",,,,,,,,,,,false,false,,180.0,GBP,,,,,,,,https://bookwhen.com/comptoirbakeryschool/e/ev-s3ss5-20260521173000,https://www.comptoirbakery.co.uk/cdn/shop/files/Comptoit_Bakery-125.jpg?crop=center&height=1000&v=1743080149&width=1000,,,,active,2026-04-05T06:59:02Z,2026-05-20T08:57:34Z
template,event-template-comptoir-bakery-four-way-brioche-workshop-individual-ticket,,provider-comptoir-bakery,Comptoir Bakery,FOUR WAY BRIOCHE WORKSHOP — Individual ticket,four-way-brioche-workshop-individual-ticket,,,"In this 3 hour hands-on, you will learn all the different steps to make a perfect brioche. Even the cream for our famous Brionut! | One individual ticket for the Evening French Pastries Workshop","In this 3 hour hands-on, you will learn all the different steps to make a perfect brioche. Even the cream for our famous Brionut! | One individual ticket for the Evening French Pastries Workshop",,,,,,,,,,,false,false,,84.0,GBP,,,,,,,,https://bookwhen.com/comptoirbakeryschool/e/ev-s3ss5-20260521173000,https://www.comptoirbakery.co.uk/cdn/shop/files/Comptoit_Bakery-121.jpg?crop=center&height=1000&v=1743090177&width=1000,,,,active,2026-03-25T06:56:19Z,2026-05-20T08:57:34Z
template,event-template-comptoir-bakery-four-way-brioche-workshop-duo-ticket-with-a-glass-,,provider-comptoir-bakery,Comptoir Bakery,FOUR WAY BRIOCHE WORKSHOP — Duo ticket with a glass of wine included,four-way-brioche-workshop-duo-ticket-with-a-glass-,,,"In this 3 hour hands-on, you will learn all the different steps to make a perfect brioche. Even the cream for our famous Brionut! | Two tickets for the Evening French Pastries Workshop including a glass of wine each","In this 3 hour hands-on, you will learn all the different steps to make a perfect brioche. Even the cream for our famous Brionut! | Two tickets for the Evening French Pastries Workshop including a glass of wine each",,,,,,,,,,,false,false,,180.0,GBP,,,,,,,,https://bookwhen.com/comptoirbakeryschool/e/ev-s3ss5-20260521173000,https://www.comptoirbakery.co.uk/cdn/shop/files/Comptoit_Bakery-121.jpg?crop=center&height=1000&v=1743090177&width=1000,,,,active,2026-05-18T09:49:01Z,2026-05-20T08:57:34Z
template,event-template-comptoir-bakery-mini-french-tart-workshop-individual-ticket,,provider-comptoir-bakery,Comptoir Bakery,MINI FRENCH TART WORKSHOP — Individual ticket,mini-french-tart-workshop-individual-ticket,,,What is more beautiful than a seasonal berry tart? Come and learn how to create the perfect tartelette - from the crust to the cream. | One individual ticket for the Evening French Pastries Workshop,What is more beautiful than a seasonal berry tart? Come and learn how to create the perfect tartelette - from the crust to the cream. | One individual ticket for the Evening French Pastries Workshop,,,,,,,,,,,false,false,,84.0,GBP,,,,,,,,https://bookwhen.com/comptoirbakeryschool/e/ev-s3ss5-20260521173000,https://www.comptoirbakery.co.uk/cdn/shop/files/tarteletteworkshop3_Medium_50c53caf-76a4-419c-b329-74cc24d1ca2d.jpg?crop=center&height=1000&v=1756977830&width=1000,,,,active,2026-03-15T08:34:56Z,2026-05-20T08:57:34Z
template,event-template-comptoir-bakery-mini-french-tart-workshop-duo-ticket-with-a-glass-,,provider-comptoir-bakery,Comptoir Bakery,MINI FRENCH TART WORKSHOP — Duo ticket with a glass of wine included,mini-french-tart-workshop-duo-ticket-with-a-glass-,,,What is more beautiful than a seasonal berry tart? Come and learn how to create the perfect tartelette - from the crust to the cream. | Two tickets for the Evening French Pastries Workshop including a glass of wine each,What is more beautiful than a seasonal berry tart? Come and learn how to create the perfect tartelette - from the crust to the cream. | Two tickets for the Evening French Pastries Workshop including a glass of wine each,,,,,,,,,,,false,false,,180.0,GBP,,,,,,,,https://bookwhen.com/comptoirbakeryschool/e/ev-s3ss5-20260521173000,https://www.comptoirbakery.co.uk/cdn/shop/files/tarteletteworkshop3_Medium_50c53caf-76a4-419c-b329-74cc24d1ca2d.jpg?crop=center&height=1000&v=1756977830&width=1000,,,,active,2026-05-18T09:49:01Z,2026-05-20T08:57:34Z
template,event-template-comptoir-bakery-macaron-workshop-individual-ticket,,provider-comptoir-bakery,Comptoir Bakery,MACARON WORKSHOP — Individual ticket,macaron-workshop-individual-ticket,,,"Delicate and fragile, the macarons are always challenging! We introduce the best workshop to learn the basic to make macarons! | One individual ticket for the Evening French Pastries Workshop","Delicate and fragile, the macarons are always challenging! We introduce the best workshop to learn the basic to make macarons! | One individual ticket for the Evening French Pastries Workshop",,,,,,,,,,,false,false,,84.0,GBP,,,,,,,,https://bookwhen.com/comptoirbakeryschool/e/ev-s3ss5-20260521173000,https://www.comptoirbakery.co.uk/cdn/shop/files/macaroon_8de1d570-24a0-4ccf-926e-68375860b374.png?crop=center&height=1000&v=1756981405&width=1000,,,,active,2026-04-23T07:27:40Z,2026-05-20T08:57:34Z
template,event-template-comptoir-bakery-macaron-workshop-duo-ticket-with-a-glass-of-wine-i,,provider-comptoir-bakery,Comptoir Bakery,MACARON WORKSHOP — Duo ticket with a glass of wine included,macaron-workshop-duo-ticket-with-a-glass-of-wine-i,,,"Delicate and fragile, the macarons are always challenging! We introduce the best workshop to learn the basic to make macarons! | Two tickets for the Evening French Pastries Workshop including a glass of wine each","Delicate and fragile, the macarons are always challenging! We introduce the best workshop to learn the basic to make macarons! | Two tickets for the Evening French Pastries Workshop including a glass of wine each",,,,,,,,,,,false,false,,180.0,GBP,,,,,,,,https://bookwhen.com/comptoirbakeryschool/e/ev-s3ss5-20260521173000,https://www.comptoirbakery.co.uk/cdn/shop/files/macaroon_8de1d570-24a0-4ccf-926e-68375860b374.png?crop=center&height=1000&v=1756981405&width=1000,,,,active,2026-05-18T09:49:01Z,2026-05-20T08:57:34Z
template,event-template-comptoir-bakery-clair-choux-workshop-individual-ticket,,provider-comptoir-bakery,Comptoir Bakery,ÉCLAIR & CHOUX WORKSHOP — Individual ticket,clair-choux-workshop-individual-ticket,,,"We all love a good éclair au chocolat, come and learn how to make the perfect dough and cream to realise the best dessert. | One individual ticket for the Evening French Pastries Workshop","We all love a good éclair au chocolat, come and learn how to make the perfect dough and cream to realise the best dessert. | One individual ticket for the Evening French Pastries Workshop",,,,,,,,,,,false,false,,84.0,GBP,,,,,,,,https://bookwhen.com/comptoirbakeryschool/e/ev-s3ss5-20260521173000,https://www.comptoirbakery.co.uk/cdn/shop/files/Eclaire.jpg?crop=center&height=1000&v=1743092024&width=1000,,,,active,2026-03-15T08:34:56Z,2026-05-20T08:57:34Z
template,event-template-comptoir-bakery-clair-choux-workshop-duo-ticket-with-a-glass-of-wi,,provider-comptoir-bakery,Comptoir Bakery,ÉCLAIR & CHOUX WORKSHOP — Duo ticket with a glass of wine included,clair-choux-workshop-duo-ticket-with-a-glass-of-wi,,,"We all love a good éclair au chocolat, come and learn how to make the perfect dough and cream to realise the best dessert. | Two tickets for the Evening French Pastries Workshop including a glass of wine each","We all love a good éclair au chocolat, come and learn how to make the perfect dough and cream to realise the best dessert. | Two tickets for the Evening French Pastries Workshop including a glass of wine each",,,,,,,,,,,false,false,,180.0,GBP,,,,,,,,https://bookwhen.com/comptoirbakeryschool/e/ev-s3ss5-20260521173000,https://www.comptoirbakery.co.uk/cdn/shop/files/Eclaire.jpg?crop=center&height=1000&v=1743092024&width=1000,,,,active,2026-05-18T09:49:01Z,2026-05-20T08:57:34Z
template,event-template-comptoir-bakery-vanilla-slice-sweet-savoury-twist-workshop-individ,,provider-comptoir-bakery,Comptoir Bakery,"VANILLA SLICE, SWEET & SAVOURY TWIST WORKSHOP — Individual ticket",vanilla-slice-sweet-savoury-twist-workshop-individ,,,"Vanilla slices are made of a 1000 layers, a complex but incredible dessert that you can master in our 3 hours lesson workshop! | One individual ticket for the Evening French Pastries Workshop","Vanilla slices are made of a 1000 layers, a complex but incredible dessert that you can master in our 3 hours lesson workshop! | One individual ticket for the Evening French Pastries Workshop",,,,,,,,,,,false,false,,84.0,GBP,,,,,,,,https://bookwhen.com/comptoirbakeryschool/e/ev-s3ss5-20260521173000,https://www.comptoirbakery.co.uk/cdn/shop/files/workshopmillefeuille3.png?crop=center&height=1000&v=1756982097&width=1000,,,,active,2026-04-23T07:27:40Z,2026-05-20T08:57:34Z
template,event-template-comptoir-bakery-vanilla-slice-sweet-savoury-twist-workshop-duo-tic,,provider-comptoir-bakery,Comptoir Bakery,"VANILLA SLICE, SWEET & SAVOURY TWIST WORKSHOP — Duo ticket with a glass of wine included",vanilla-slice-sweet-savoury-twist-workshop-duo-tic,,,"Vanilla slices are made of a 1000 layers, a complex but incredible dessert that you can master in our 3 hours lesson workshop! | Two tickets for the Evening French Pastries Workshop including a glass of wine each","Vanilla slices are made of a 1000 layers, a complex but incredible dessert that you can master in our 3 hours lesson workshop! | Two tickets for the Evening French Pastries Workshop including a glass of wine each",,,,,,,,,,,false,false,,180.0,GBP,,,,,,,,https://bookwhen.com/comptoirbakeryschool/e/ev-s3ss5-20260521173000,https://www.comptoirbakery.co.uk/cdn/shop/files/workshopmillefeuille3.png?crop=center&height=1000&v=1756982097&width=1000,,,,active,2026-05-18T09:49:01Z,2026-05-20T08:57:34Z
template,event-template-comptoir-bakery-sourdough-baguette-workshop-individual-ticket,,provider-comptoir-bakery,Comptoir Bakery,SOURDOUGH & BAGUETTE WORKSHOP — Individual ticket,sourdough-baguette-workshop-individual-ticket,,,"Get your hands floury in our Sourdough loaf, Baguette and Fougasse Workshop! Finally available! | One individual ticket for the Evening French Pastries Workshop","Get your hands floury in our Sourdough loaf, Baguette and Fougasse Workshop! Finally available! | One individual ticket for the Evening French Pastries Workshop",,,,,,,,,,,false,false,,84.0,GBP,,,,,,,,https://bookwhen.com/comptoirbakeryschool/e/ev-s3ss5-20260521173000,https://www.comptoirbakery.co.uk/cdn/shop/files/IMG_2980.heic?crop=center&height=1000&v=1771604626&width=1000,,,,active,2026-03-15T08:34:56Z,2026-05-20T08:57:34Z
template,event-template-comptoir-bakery-sourdough-baguette-workshop-duo-ticket-with-a-glas,,provider-comptoir-bakery,Comptoir Bakery,SOURDOUGH & BAGUETTE WORKSHOP — Duo ticket with a glass of wine included,sourdough-baguette-workshop-duo-ticket-with-a-glas,,,"Get your hands floury in our Sourdough loaf, Baguette and Fougasse Workshop! Finally available! | Two tickets for the Evening French Pastries Workshop including a glass of wine each","Get your hands floury in our Sourdough loaf, Baguette and Fougasse Workshop! Finally available! | Two tickets for the Evening French Pastries Workshop including a glass of wine each",,,,,,,,,,,false,false,,180.0,GBP,,,,,,,,https://bookwhen.com/comptoirbakeryschool/e/ev-s3ss5-20260521173000,https://www.comptoirbakery.co.uk/cdn/shop/files/IMG_2980.heic?crop=center&height=1000&v=1771604626&width=1000,,,,active,2026-05-18T09:49:01Z,2026-05-20T08:57:34Z
